{"cameraMode":{"drawMode":0,"name":"Shaded","section":"Shading Mode"},"sceneLighting":false,"audioPlay":false,"sceneViewState":{"showFog":true,"showMaterialUpdate":false,"showSkybox":false,"showFlares":true,"showImageEffects":true,"showParticleSystems":true},"in2DMode":false,"pivot":{"x":-0.3753683865070343,"y":0.48417899012565615,"z":1.9935314655303956},"rotation":{"x":-0.0001874756853794679,"y":0.9987117648124695,"z":-0.05128619447350502,"w":-0.004192492458969355},"size":2.4438705444335939,"orthographic":false}