{"cameraMode":{"drawMode":0,"name":"Shaded","section":"Shading Mode"},"sceneLighting":false,"audioPlay":false,"sceneViewState":{"showFog":true,"showMaterialUpdate":false,"showSkybox":false,"showFlares":true,"showImageEffects":true,"showParticleSystems":true},"in2DMode":false,"pivot":{"x":0.6832447052001953,"y":0.052721500396728519,"z":-0.3059520721435547},"rotation":{"x":0.032227519899606708,"y":-0.9669986367225647,"z":0.15836186707019807,"w":0.1973283886909485},"size":4.347064971923828,"orthographic":false}